[{"model": "auth.permission", "pk": 1, "fields": {"name": "Can add log entry", "content_type": 1, "codename": "add_logentry"}}, {"model": "auth.permission", "pk": 2, "fields": {"name": "Can change log entry", "content_type": 1, "codename": "change_logentry"}}, {"model": "auth.permission", "pk": 3, "fields": {"name": "Can delete log entry", "content_type": 1, "codename": "delete_logentry"}}, {"model": "auth.permission", "pk": 4, "fields": {"name": "Can view log entry", "content_type": 1, "codename": "view_logentry"}}, {"model": "auth.permission", "pk": 5, "fields": {"name": "Can add permission", "content_type": 2, "codename": "add_permission"}}, {"model": "auth.permission", "pk": 6, "fields": {"name": "Can change permission", "content_type": 2, "codename": "change_permission"}}, {"model": "auth.permission", "pk": 7, "fields": {"name": "Can delete permission", "content_type": 2, "codename": "delete_permission"}}, {"model": "auth.permission", "pk": 8, "fields": {"name": "Can view permission", "content_type": 2, "codename": "view_permission"}}, {"model": "auth.permission", "pk": 9, "fields": {"name": "Can add group", "content_type": 3, "codename": "add_group"}}, {"model": "auth.permission", "pk": 10, "fields": {"name": "Can change group", "content_type": 3, "codename": "change_group"}}, {"model": "auth.permission", "pk": 11, "fields": {"name": "Can delete group", "content_type": 3, "codename": "delete_group"}}, {"model": "auth.permission", "pk": 12, "fields": {"name": "Can view group", "content_type": 3, "codename": "view_group"}}, {"model": "auth.permission", "pk": 13, "fields": {"name": "Can add user", "content_type": 4, "codename": "add_user"}}, {"model": "auth.permission", "pk": 14, "fields": {"name": "Can change user", "content_type": 4, "codename": "change_user"}}, {"model": "auth.permission", "pk": 15, "fields": {"name": "Can delete user", "content_type": 4, "codename": "delete_user"}}, {"model": "auth.permission", "pk": 16, "fields": {"name": "Can view user", "content_type": 4, "codename": "view_user"}}, {"model": "auth.permission", "pk": 17, "fields": {"name": "Can add content type", "content_type": 5, "codename": "add_contenttype"}}, {"model": "auth.permission", "pk": 18, "fields": {"name": "Can change content type", "content_type": 5, "codename": "change_contenttype"}}, {"model": "auth.permission", "pk": 19, "fields": {"name": "Can delete content type", "content_type": 5, "codename": "delete_contenttype"}}, {"model": "auth.permission", "pk": 20, "fields": {"name": "Can view content type", "content_type": 5, "codename": "view_contenttype"}}, {"model": "auth.permission", "pk": 21, "fields": {"name": "Can add session", "content_type": 6, "codename": "add_session"}}, {"model": "auth.permission", "pk": 22, "fields": {"name": "Can change session", "content_type": 6, "codename": "change_session"}}, {"model": "auth.permission", "pk": 23, "fields": {"name": "Can delete session", "content_type": 6, "codename": "delete_session"}}, {"model": "auth.permission", "pk": 24, "fields": {"name": "Can view session", "content_type": 6, "codename": "view_session"}}, {"model": "auth.permission", "pk": 25, "fields": {"name": "Can add consumer", "content_type": 7, "codename": "add_consumer"}}, {"model": "auth.permission", "pk": 26, "fields": {"name": "Can change consumer", "content_type": 7, "codename": "change_consumer"}}, {"model": "auth.permission", "pk": 27, "fields": {"name": "Can delete consumer", "content_type": 7, "codename": "delete_consumer"}}, {"model": "auth.permission", "pk": 28, "fields": {"name": "Can view consumer", "content_type": 7, "codename": "view_consumer"}}, {"model": "auth.permission", "pk": 29, "fields": {"name": "Can add shop", "content_type": 8, "codename": "add_shop"}}, {"model": "auth.permission", "pk": 30, "fields": {"name": "Can change shop", "content_type": 8, "codename": "change_shop"}}, {"model": "auth.permission", "pk": 31, "fields": {"name": "Can delete shop", "content_type": 8, "codename": "delete_shop"}}, {"model": "auth.permission", "pk": 32, "fields": {"name": "Can view shop", "content_type": 8, "codename": "view_shop"}}, {"model": "auth.permission", "pk": 33, "fields": {"name": "Can add receipt", "content_type": 9, "codename": "add_receipt"}}, {"model": "auth.permission", "pk": 34, "fields": {"name": "Can change receipt", "content_type": 9, "codename": "change_receipt"}}, {"model": "auth.permission", "pk": 35, "fields": {"name": "Can delete receipt", "content_type": 9, "codename": "delete_receipt"}}, {"model": "auth.permission", "pk": 36, "fields": {"name": "Can view receipt", "content_type": 9, "codename": "view_receipt"}}, {"model": "auth.permission", "pk": 37, "fields": {"name": "Can add product", "content_type": 10, "codename": "add_product"}}, {"model": "auth.permission", "pk": 38, "fields": {"name": "Can change product", "content_type": 10, "codename": "change_product"}}, {"model": "auth.permission", "pk": 39, "fields": {"name": "Can delete product", "content_type": 10, "codename": "delete_product"}}, {"model": "auth.permission", "pk": 40, "fields": {"name": "Can view product", "content_type": 10, "codename": "view_product"}}, {"model": "contenttypes.contenttype", "pk": 1, "fields": {"app_label": "admin", "model": "logentry"}}, {"model": "contenttypes.contenttype", "pk": 2, "fields": {"app_label": "auth", "model": "permission"}}, {"model": "contenttypes.contenttype", "pk": 3, "fields": {"app_label": "auth", "model": "group"}}, {"model": "contenttypes.contenttype", "pk": 4, "fields": {"app_label": "auth", "model": "user"}}, {"model": "contenttypes.contenttype", "pk": 5, "fields": {"app_label": "contenttypes", "model": "contenttype"}}, {"model": "contenttypes.contenttype", "pk": 6, "fields": {"app_label": "sessions", "model": "session"}}, {"model": "contenttypes.contenttype", "pk": 7, "fields": {"app_label": "finstar_task", "model": "consumer"}}, {"model": "contenttypes.contenttype", "pk": 8, "fields": {"app_label": "finstar_task", "model": "shop"}}, {"model": "contenttypes.contenttype", "pk": 9, "fields": {"app_label": "finstar_task", "model": "receipt"}}, {"model": "contenttypes.contenttype", "pk": 10, "fields": {"app_label": "finstar_task", "model": "product"}}, {"model": "finstar_task.shop", "pk": 1, "fields": {"name": "Зоомагазин"}}, {"model": "finstar_task.shop", "pk": 2, "fields": {"name": "Автомагазин"}}, {"model": "finstar_task.shop", "pk": 3, "fields": {"name": "Продукты"}}, {"model": "finstar_task.shop", "pk": 4, "fields": {"name": "ЗООмагазин"}}, {"model": "finstar_task.consumer", "pk": 1, "fields": {"name": "Иван"}}, {"model": "finstar_task.consumer", "pk": 2, "fields": {"name": "Петр"}}, {"model": "finstar_task.consumer", "pk": 3, "fields": {"name": "Мария"}}, {"model": "finstar_task.consumer", "pk": 4, "fields": {"name": "Сергей"}}, {"model": "finstar_task.consumer", "pk": 5, "fields": {"name": "Петр2"}}, {"model": "finstar_task.consumer", "pk": 6, "fields": {"name": "Олег"}}, {"model": "finstar_task.receipt", "pk": 1, "fields": {"user": 1, "shop": 1, "number_receipt": 1, "time_issuance": "08:01:10", "date_issuance": "2020-01-01", "sum_receipt": 1000.0}}, {"model": "finstar_task.receipt", "pk": 2, "fields": {"user": 1, "shop": 2, "number_receipt": 2, "time_issuance": "08:01:10", "date_issuance": "2018-01-01", "sum_receipt": 2500.0}}, {"model": "finstar_task.receipt", "pk": 3, "fields": {"user": 2, "shop": 1, "number_receipt": 3, "time_issuance": "08:01:10", "date_issuance": "2015-01-01", "sum_receipt": 1500.0}}, {"model": "finstar_task.receipt", "pk": 4, "fields": {"user": 3, "shop": 2, "number_receipt": 3, "time_issuance": "08:01:10", "date_issuance": "2010-01-01", "sum_receipt": 500.0}}, {"model": "finstar_task.receipt", "pk": 5, "fields": {"user": 4, "shop": 3, "number_receipt": 4, "time_issuance": "08:01:10", "date_issuance": "2005-01-01", "sum_receipt": 50.0}}, {"model": "finstar_task.receipt", "pk": 6, "fields": {"user": 1, "shop": 3, "number_receipt": 5, "time_issuance": "08:01:10", "date_issuance": "2000-01-01", "sum_receipt": 1.0}}, {"model": "finstar_task.receipt", "pk": 7, "fields": {"user": 2, "shop": 1, "number_receipt": 6, "time_issuance": "08:01:10", "date_issuance": "1995-01-01", "sum_receipt": 5.0}}, {"model": "finstar_task.receipt", "pk": 8, "fields": {"user": 4, "shop": 3, "number_receipt": 7, "time_issuance": "08:01:10", "date_issuance": "1990-01-01", "sum_receipt": 10.0}}, {"model": "finstar_task.receipt", "pk": 9, "fields": {"user": 5, "shop": 4, "number_receipt": 3, "time_issuance": "00:00:00", "date_issuance": "2022-06-27", "sum_receipt": 10000.0}}, {"model": "finstar_task.receipt", "pk": 10, "fields": {"user": 5, "shop": 4, "number_receipt": 3, "time_issuance": "00:00:00", "date_issuance": "2022-06-27", "sum_receipt": 10000.0}}, {"model": "finstar_task.receipt", "pk": 11, "fields": {"user": 5, "shop": 4, "number_receipt": 3, "time_issuance": "00:00:00", "date_issuance": "2022-06-27", "sum_receipt": 10000.0}}, {"model": "finstar_task.receipt", "pk": 12, "fields": {"user": 5, "shop": 4, "number_receipt": 3, "time_issuance": "00:00:00", "date_issuance": "2022-06-27", "sum_receipt": 10000.0}}, {"model": "finstar_task.receipt", "pk": 13, "fields": {"user": 5, "shop": 4, "number_receipt": 3, "time_issuance": "00:00:00", "date_issuance": "2022-06-27", "sum_receipt": 10000.0}}, {"model": "finstar_task.receipt", "pk": 14, "fields": {"user": 5, "shop": 4, "number_receipt": 3, "time_issuance": "00:00:00", "date_issuance": "2022-06-27", "sum_receipt": 10000.0}}, {"model": "finstar_task.receipt", "pk": 15, "fields": {"user": 5, "shop": 4, "number_receipt": 3, "time_issuance": "00:00:00", "date_issuance": "2022-06-27", "sum_receipt": 10000.0}}, {"model": "finstar_task.receipt", "pk": 16, "fields": {"user": 5, "shop": 4, "number_receipt": 3, "time_issuance": "00:00:00", "date_issuance": "2022-06-27", "sum_receipt": 10000.0}}, {"model": "finstar_task.receipt", "pk": 17, "fields": {"user": 5, "shop": 4, "number_receipt": 3, "time_issuance": "00:00:00", "date_issuance": "2022-06-27", "sum_receipt": 10000.0}}, {"model": "finstar_task.receipt", "pk": 18, "fields": {"user": 5, "shop": 4, "number_receipt": 3, "time_issuance": "00:00:00", "date_issuance": "2022-06-27", "sum_receipt": 10000.0}}, {"model": "finstar_task.receipt", "pk": 19, "fields": {"user": 5, "shop": 4, "number_receipt": 3, "time_issuance": "00:00:00", "date_issuance": "2022-06-27", "sum_receipt": 10000.0}}, {"model": "finstar_task.receipt", "pk": 20, "fields": {"user": 5, "shop": 4, "number_receipt": 3, "time_issuance": "00:00:00", "date_issuance": "2022-06-27", "sum_receipt": 10000.0}}, {"model": "finstar_task.receipt", "pk": 21, "fields": {"user": 5, "shop": 4, "number_receipt": 3, "time_issuance": "08:15:19", "date_issuance": "2000-01-01", "sum_receipt": 10000.0}}, {"model": "finstar_task.receipt", "pk": 22, "fields": {"user": 5, "shop": 4, "number_receipt": 3, "time_issuance": "08:15:19", "date_issuance": "2000-01-01", "sum_receipt": 10000.0}}, {"model": "finstar_task.receipt", "pk": 23, "fields": {"user": 5, "shop": 4, "number_receipt": 3, "time_issuance": "08:15:19", "date_issuance": "2000-01-01", "sum_receipt": 10000.0}}, {"model": "finstar_task.receipt", "pk": 24, "fields": {"user": 5, "shop": 4, "number_receipt": 3, "time_issuance": "08:15:19", "date_issuance": "2000-01-01", "sum_receipt": 10000.0}}, {"model": "finstar_task.receipt", "pk": 25, "fields": {"user": 5, "shop": 4, "number_receipt": 3, "time_issuance": "08:15:19", "date_issuance": "2000-01-01", "sum_receipt": 10000.0}}, {"model": "finstar_task.receipt", "pk": 26, "fields": {"user": 5, "shop": 4, "number_receipt": 3, "time_issuance": "08:15:19", "date_issuance": "2000-01-01", "sum_receipt": 10000.0}}, {"model": "finstar_task.receipt", "pk": 27, "fields": {"user": 5, "shop": 4, "number_receipt": 3, "time_issuance": "08:15:19", "date_issuance": "2000-01-01", "sum_receipt": 10000.0}}, {"model": "finstar_task.receipt", "pk": 28, "fields": {"user": 6, "shop": 4, "number_receipt": 3, "time_issuance": "08:15:19", "date_issuance": "2000-01-01", "sum_receipt": 10000.0}}, {"model": "finstar_task.receipt", "pk": 29, "fields": {"user": 5, "shop": 4, "number_receipt": 3, "time_issuance": "08:15:19", "date_issuance": "2000-01-01", "sum_receipt": 10000.0}}, {"model": "finstar_task.receipt", "pk": 30, "fields": {"user": 5, "shop": 4, "number_receipt": 3, "time_issuance": "08:15:19", "date_issuance": "2000-01-01", "sum_receipt": 10000.0}}, {"model": "finstar_task.receipt", "pk": 31, "fields": {"user": 6, "shop": 4, "number_receipt": 3, "time_issuance": "08:15:19", "date_issuance": "2000-01-01", "sum_receipt": 10000.0}}, {"model": "finstar_task.receipt", "pk": 32, "fields": {"user": 5, "shop": 4, "number_receipt": 3, "time_issuance": "08:15:19", "date_issuance": "2000-01-01", "sum_receipt": 10000.0}}, {"model": "finstar_task.receipt", "pk": 33, "fields": {"user": 6, "shop": 4, "number_receipt": 3, "time_issuance": "08:15:19", "date_issuance": "2000-01-01", "sum_receipt": 10000.0}}, {"model": "finstar_task.receipt", "pk": 34, "fields": {"user": 5, "shop": 4, "number_receipt": 3, "time_issuance": "08:15:19", "date_issuance": "2000-01-01", "sum_receipt": 10000.0}}, {"model": "finstar_task.receipt", "pk": 35, "fields": {"user": 5, "shop": 4, "number_receipt": 3, "time_issuance": "08:15:19", "date_issuance": "2000-01-01", "sum_receipt": 10000.0}}, {"model": "finstar_task.receipt", "pk": 36, "fields": {"user": 6, "shop": 4, "number_receipt": 3, "time_issuance": "08:15:19", "date_issuance": "2000-01-01", "sum_receipt": 10000.0}}, {"model": "finstar_task.receipt", "pk": 37, "fields": {"user": 5, "shop": 4, "number_receipt": 3, "time_issuance": "08:15:19", "date_issuance": "2000-01-01", "sum_receipt": 10000.0}}, {"model": "finstar_task.receipt", "pk": 38, "fields": {"user": 6, "shop": 4, "number_receipt": 3, "time_issuance": "08:15:19", "date_issuance": "2000-01-01", "sum_receipt": 10000.0}}, {"model": "finstar_task.receipt", "pk": 39, "fields": {"user": 5, "shop": 4, "number_receipt": 3, "time_issuance": "08:15:19", "date_issuance": "2000-01-01", "sum_receipt": 10000.0}}, {"model": "finstar_task.receipt", "pk": 40, "fields": {"user": 5, "shop": 4, "number_receipt": 3, "time_issuance": "08:15:19", "date_issuance": "2000-01-01", "sum_receipt": 10000.0}}, {"model": "finstar_task.receipt", "pk": 41, "fields": {"user": 5, "shop": 4, "number_receipt": 3, "time_issuance": "08:15:19", "date_issuance": "2000-01-01", "sum_receipt": 10000.0}}, {"model": "finstar_task.receipt", "pk": 42, "fields": {"user": 5, "shop": 4, "number_receipt": 3, "time_issuance": "08:15:19", "date_issuance": "2000-01-01", "sum_receipt": 10000.0}}, {"model": "finstar_task.receipt", "pk": 43, "fields": {"user": 6, "shop": 4, "number_receipt": 3, "time_issuance": "08:15:19", "date_issuance": "2000-01-01", "sum_receipt": 10000.0}}, {"model": "finstar_task.receipt", "pk": 44, "fields": {"user": 5, "shop": 4, "number_receipt": 3, "time_issuance": "08:15:19", "date_issuance": "2000-01-01", "sum_receipt": 10000.0}}, {"model": "finstar_task.receipt", "pk": 45, "fields": {"user": 5, "shop": 4, "number_receipt": 3, "time_issuance": "08:15:19", "date_issuance": "2000-01-01", "sum_receipt": 10000.0}}, {"model": "finstar_task.product", "pk": 1, "fields": {"receipt": 8, "name": "Колбаса", "quantity": 2, "price": 100.0}}, {"model": "finstar_task.product", "pk": 2, "fields": {"receipt": 8, "name": "Сыр", "quantity": 5, "price": 100.0}}, {"model": "finstar_task.product", "pk": 3, "fields": {"receipt": 6, "name": "Пиво", "quantity": 5, "price": 500.0}}, {"model": "finstar_task.product", "pk": 4, "fields": {"receipt": 5, "name": "Вино", "quantity": 1, "price": 1000.0}}, {"model": "finstar_task.product", "pk": 5, "fields": {"receipt": 4, "name": "Карбюратор", "quantity": 2, "price": 10000.0}}, {"model": "finstar_task.product", "pk": 6, "fields": {"receipt": 4, "name": "Шины", "quantity": 4, "price": 10000.0}}, {"model": "finstar_task.product", "pk": 7, "fields": {"receipt": 4, "name": "Фара", "quantity": 2, "price": 5000.0}}, {"model": "finstar_task.product", "pk": 8, "fields": {"receipt": 9, "name": "name", "quantity": 3, "price": 1000.0}}, {"model": "finstar_task.product", "pk": 9, "fields": {"receipt": 10, "name": "Селедка", "quantity": 3, "price": 1000.0}}, {"model": "finstar_task.product", "pk": 10, "fields": {"receipt": 11, "name": "Селедка", "quantity": 3, "price": 1000.0}}, {"model": "finstar_task.product", "pk": 11, "fields": {"receipt": 12, "name": "Селедка", "quantity": 3, "price": 1000.0}}, {"model": "finstar_task.product", "pk": 12, "fields": {"receipt": 13, "name": "Селедка", "quantity": 3, "price": 1000.0}}, {"model": "finstar_task.product", "pk": 13, "fields": {"receipt": 14, "name": "Селедка", "quantity": 3, "price": 1000.0}}, {"model": "finstar_task.product", "pk": 14, "fields": {"receipt": 15, "name": "Селедка", "quantity": 3, "price": 1000.0}}, {"model": "finstar_task.product", "pk": 15, "fields": {"receipt": 16, "name": "Селедка", "quantity": 3, "price": 1000.0}}, {"model": "finstar_task.product", "pk": 16, "fields": {"receipt": 17, "name": "Селедка", "quantity": 3, "price": 1000.0}}, {"model": "finstar_task.product", "pk": 17, "fields": {"receipt": 18, "name": "Селедка", "quantity": 3, "price": 1000.0}}, {"model": "finstar_task.product", "pk": 18, "fields": {"receipt": 19, "name": "Селедка", "quantity": 3, "price": 1000.0}}, {"model": "finstar_task.product", "pk": 19, "fields": {"receipt": 20, "name": "Селедка", "quantity": 3, "price": 1000.0}}, {"model": "finstar_task.product", "pk": 20, "fields": {"receipt": 21, "name": "Селедка", "quantity": 3, "price": 1000.0}}, {"model": "finstar_task.product", "pk": 21, "fields": {"receipt": 22, "name": "Селедка", "quantity": 3, "price": 1000.0}}, {"model": "finstar_task.product", "pk": 22, "fields": {"receipt": 23, "name": "Селедка", "quantity": 3, "price": 1000.0}}, {"model": "finstar_task.product", "pk": 23, "fields": {"receipt": 24, "name": "Селедка", "quantity": 3, "price": 1000.0}}, {"model": "finstar_task.product", "pk": 24, "fields": {"receipt": 25, "name": "Селедка", "quantity": 3, "price": 1000.0}}, {"model": "finstar_task.product", "pk": 25, "fields": {"receipt": 26, "name": "Селедка", "quantity": 3, "price": 1000.0}}, {"model": "finstar_task.product", "pk": 26, "fields": {"receipt": 27, "name": "Селедка", "quantity": 3, "price": 1000.0}}, {"model": "finstar_task.product", "pk": 27, "fields": {"receipt": 28, "name": "Карп", "quantity": 3, "price": 1000.0}}, {"model": "finstar_task.product", "pk": 28, "fields": {"receipt": 29, "name": "Селедка", "quantity": 3, "price": 1000.0}}, {"model": "finstar_task.product", "pk": 29, "fields": {"receipt": 30, "name": "Селедка", "quantity": 3, "price": 1000.0}}, {"model": "finstar_task.product", "pk": 30, "fields": {"receipt": 31, "name": "Карп", "quantity": 3, "price": 1000.0}}, {"model": "finstar_task.product", "pk": 31, "fields": {"receipt": 32, "name": "Селедка", "quantity": 3, "price": 1000.0}}, {"model": "finstar_task.product", "pk": 32, "fields": {"receipt": 33, "name": "Карп", "quantity": 3, "price": 1000.0}}, {"model": "finstar_task.product", "pk": 33, "fields": {"receipt": 34, "name": "Селедка", "quantity": 3, "price": 1000.0}}, {"model": "finstar_task.product", "pk": 34, "fields": {"receipt": 35, "name": "Селедка", "quantity": 3, "price": 1000.0}}, {"model": "finstar_task.product", "pk": 35, "fields": {"receipt": 36, "name": "Карп", "quantity": 3, "price": 1000.0}}, {"model": "finstar_task.product", "pk": 36, "fields": {"receipt": 37, "name": "Селедка", "quantity": 3, "price": 1000.0}}, {"model": "finstar_task.product", "pk": 37, "fields": {"receipt": 38, "name": "Карп Карпыч", "quantity": 3, "price": 1000.0}}, {"model": "finstar_task.product", "pk": 38, "fields": {"receipt": 39, "name": "Селедка", "quantity": 3, "price": 1000.0}}, {"model": "finstar_task.product", "pk": 39, "fields": {"receipt": 40, "name": "Селедка", "quantity": 3, "price": 1000.0}}, {"model": "finstar_task.product", "pk": 40, "fields": {"receipt": 41, "name": "Селедка", "quantity": 3, "price": 1000.0}}, {"model": "finstar_task.product", "pk": 41, "fields": {"receipt": 42, "name": "Селедка", "quantity": 3, "price": 1000.0}}, {"model": "finstar_task.product", "pk": 42, "fields": {"receipt": 43, "name": "Карп Карпыч Верный", "quantity": 3, "price": 1000.0}}, {"model": "finstar_task.product", "pk": 43, "fields": {"receipt": 44, "name": "Селедка", "quantity": 3, "price": 1000.0}}, {"model": "finstar_task.product", "pk": 44, "fields": {"receipt": 45, "name": "Селедка", "quantity": 3, "price": 1000.0}}]